question,option_a,option_b,option_c,option_d,correct,chapter,subject,exam,difficulty,hint
"A particle moves with uniform acceleration. Its velocity changes from 5 m/s to 25 m/s in 4 s. The acceleration is:","2.5 m/s²","5 m/s²","7.5 m/s²","10 m/s²",B,Kinematics,Physics,jee-main,easy,"a = (v - u) / t"
"Which of the following is a vector quantity?","Speed","Distance","Velocity","Mass",C,Kinematics,Physics,jee-main,easy,"Vector ka magnitude + direction dono hota hai"

add(1,"Physics",
"The current voltage relation of diode is given by I = (e^(1000V/T) - 1) mA, where the applied voltage V is in volts and the temperature T is in degree Kelvin. If a student makes an error measuring ±0.01 V while measuring the current of 5 mA at 300 K, what will be the error in the value of current in mA?",
"एक डायोड की धारा-वोल्टता सम्बन्ध I = (e^(1000V/T) − 1) mA से दी जाती हैं, जहाँ V लगाई गई वोल्टता वोल्ट में है और तापमान T डिग्री कैल्विन में है। यदि एक विद्यार्थी 300 K पर 5 mA धारा नापते हुये मापन में ±0.01 V की त्रुटि करता है, तब धारा के मान में mA में त्रुटि क्या होगी?",
"0.2 mA","0.02 mA","0.5 mA","0.05 mA",
"0.2 mA","0.02 mA","0.5 mA","0.05 mA","1")

add(2,"Physics",
"From a tower of height H, a particle is thrown vertically upwards with a speed u. The time taken by the particle, to hit the ground, is n times that taken by it to reach the highest point of its path. The relation between H, u and n is:",
"ऊँचाई H की एक मीनार से, चाल u से एक कण को ऊर्ध्वाधर ऊपर की ओर फेंका जाता है। कण को पृथ्वी तक गिरने में लगा समय उसके उच्चतम बिन्दु तक पहुँचने के समय का n गुना हैं। H, u एवं n के बीच सम्बन्ध है:",
"2gH = n^2 u^2","gH = (n-2)^2 u^2","2gH = nu^2(n-2)","gH = (n-2)u^2",
"2gH = n^2u^2","gH = (n−2)^2u^2","2gH = nu^2(n−2)","gH = (n−2)u^2","3")

add(3,"Physics",
"A mass 'm' is supported by a massless string wound around a uniform hollow cylinder of mass m and radius R. If the string does not slip on the cylinder, with what acceleration will the mass fall on release?",
"त्रिज्या R एवं द्रव्यमान m के एक एकसमान खोखले बेलन के चारों तरफ एक द्रव्यमानविहीन डोरी से एक द्रव्यमान 'm' अवलंबित है। यदि डोरी बेलन पर फिसलती नहीं है, तब छोड़े जाने पर द्रव्यमान किस त्वरण से गिरेगा?",
"2g/3","g/2","5g/6","g",
"2g/3","g/2","5g/6","g","2")

add(4,"Physics",
"A block of mass m is placed on a surface with a vertical cross section given by y = x^3/6. If the coefficient of friction is 0.5, the maximum height above the ground at which the block can be placed without slipping is:",
"एक पृष्ठ पर एक द्रव्यमान m का ब्लॉक रखा है। पृष्ठ की ऊर्ध्वाधर अनुप्रस्थ काट y = x^3/6 से दी जाती है। यदि घर्षण गुणांक 0.5 है, तब धरती से ऊपर वह अधिकतम ऊँचाई, जिस पर बिना फिसले ब्लॉक रखा जा सकता है, है:",
"1/6 m","2/3 m","1/3 m","1/2 m",
"1/6 m","2/3 m","1/3 m","1/2 m","1")

add(5,"Physics",
"When a rubber-band is stretched by a distance x, it exerts a restoring force of magnitude F = ax + bx^2 where a and b are constants. The work done in stretching the unstretched rubber-band by L is:",
"जब एक रबड़ के छल्ले को x दूरी तक तानित किया जाता है; तब परिमाण F = ax + bx^2 का एक प्रत्यानयन बल लगता है जहाँ a एवं b स्थिरांक हैं। बिना तानित रबड़ के छल्ले को L से तानित करने में किया गया कार्य है:",
"aL^2 + bL^3","(1/2)(aL^2 + bL^3)","aL^2/2 + bL^3/3","(1/2)(aL^2/2 + bL^3/3)",
"aL^2 + bL^3","(1/2)(aL^2 + bL^3)","aL^2/2 + bL^3/3","(1/2)(aL^2/2 + bL^3/3)","3")

add(6,"Physics",
"A bob of mass m attached to an inextensible string of length l is suspended from a vertical support. The bob rotates in a horizontal circle with an angular speed omega rad/s about the vertical. About the point of suspension:",
"लम्बाई l की एक अवितान्य डोरी से बँधे द्रव्यमान m के एक बाब को एक ऊर्ध्वाधर आधार से लटकाया जाता है। बाब ऊर्ध्वाधर पर कोणीय चाल omega rad/s से एक क्षैतिज वृत्त में घूर्णन करता है। निलंबन बिन्दु पर:",
"angular momentum is conserved.","angular momentum changes in magnitude but not in direction.","angular momentum changes in direction but not in magnitude.","angular momentum changes both in direction and magnitude.",
"कोणीय संवेग संरक्षित रहता है।","कोणीय संवेग परिमाण में परिवर्तनशील है परन्तु दिशा में नहीं।","कोणीय संवेग दिशा में परिवर्तनशील है परन्तु परिमाण में नहीं।","कोणीय संवेग दोनों दिशा एवं परिमाण में परिवर्तनशील है।","3")

add(7,"Physics",
"Four particles, each of mass M and equidistant from each other, move along a circle of radius R under the action of their mutual gravitational attraction. The speed of each particle is:",
"प्रत्येक द्रव्यमान M के चार कण जो कि एक दूसरे से समान दूरी पर हैं, एक दूसरे के अन्योन्य गुरुत्वाकर्षण प्रभाव में त्रिज्या R के एक वृत्त पर गतिशील हैं। प्रत्येक कण की चाल है:",
"sqrt(GM/R)","sqrt(2*sqrt(2) GM/R)","sqrt[(GM/R)(1+2√2)]","(1/2) sqrt[(GM/R)(1+2√2)]",
"√(GM/R)","√(2√2 GM/R)","√[(GM/R)(1+2√2)]","(1/2)√[(GM/R)(1+2√2)]","4")

add(8,"Physics",
"The pressure that has to be applied to the ends of a steel wire of length 10 cm to keep its length constant when its temperature is raised by 100°C is (Young's modulus 2×10^11 N/m^2, coefficient of thermal expansion 1.1×10^-5 /K):",
"10 cm लम्बाई के एक स्टील के तार के सिरों पर जब तापमान में वृद्धि 100°C की जाती है तब इसकी लम्बाई स्थिर रखने के लिये सिरों पर लगाया गया दाब है (स्टील का यंग प्रत्यास्थता गुणांक 2×10^11 N/m^2 और रेखिक प्रसार गुणांक 1.1×10^-5 K^-1):",
"2.2×10^8 Pa","2.2×10^9 Pa","2.2×10^7 Pa","2.2×10^6 Pa",
"2.2×10^8 पास्कल","2.2×10^9 पास्कल","2.2×10^7 पास्कल","2.2×10^6 पास्कल","1")

add(9,"Physics",
"There is a circular tube in a vertical plane. Two liquids which do not mix and of densities d1 and d2 are filled in the tube. Each liquid subtends 90° angle at centre. Radius joining their interface makes an angle α with vertical. Ratio d1/d2 is:",
"एक वृत्ताकार नली ऊर्ध्वाधर तल में है। दो द्रव, जो एक दूसरे से मिश्रित नहीं होते तथा जिनका घनत्व d1 एवं d2 हैं, नली में भरे गये हैं। प्रत्येक द्रव केंद्र पर 90° का कोण अंतरित करता है। उनके अंत:पृष्ठ को जोड़ने वाली त्रिज्या ऊर्ध्वाधर से α कोण बनाती है। अनुपात d1/d2 है:",
"(1+sinα)/(1-sinα)","(1+cosα)/(1-cosα)","(1+tanα)/(1-tanα)","(1+sinα)/(1-cosα)",
"(1+sinα)/(1-sinα)","(1+cosα)/(1-cosα)","(1+tanα)/(1-tanα)","(1+sinα)/(1-cosα)","3")

add(10,"Physics",
"On heating water, bubbles being formed at the bottom of the vessel detach and rise. Take the bubbles to be spheres of radius R and making a circular contact of radius r with the bottom of the vessel. If r << R, and the surface tension of water is T, value of r just before bubbles detach is: (density of water is ρw)",
"पानी को गर्म करने पर, बर्तन की तली में बुलबुले बनते हैं और विलग्न होकर ऊपर की ओर उठते हैं। बुलबुलों को त्रिज्या R का गोला मान लें और बर्तन की तली से वृत्तीय स्पर्श की त्रिज्या r लें। यदि r << R और पानी का पृष्ठ तनाव T हैं, तब बुलबुलों के बस विलग्न होने से जरा पहले r का मान हैं: (पानी का घनत्व ρw है)",
"R^2 √(ρw g / 3T)","R^2 √(ρw g / 6T)","R^2 √(ρw g / T)","R^2 √(3ρw g / T)",
"R^2 √(ρw g / 3T)","R^2 √(ρw g / 6T)","R^2 √(ρw g / T)","R^2 √(3ρw g / T)","BONUS (no single correct option in official key)")

add(11,"Physics",
"Three rods of Copper, Brass and Steel are welded together to form a Y-shaped structure. Area of cross-section of each rod = 4 cm^2. End of copper rod is maintained at 100°C where as ends of brass and steel are kept at 0°C. Lengths of the copper, brass and steel rods are 46, 13 and 12 cms respectively. The rods are thermally insulated from surroundings except at ends. Thermal conductivities of copper, brass and steel are 0.92, 0.26 and 0.12 CGS units respectively. Rate of heat flow through copper rod is:",
"ताँबे, पीतल एवं स्टील की तीन छड़ों को Y-आकार संरचना में वेल्ड किया गया हैं। प्रत्येक छड़ की अनुप्रस्थ काट का क्षेत्रफल = 4 cm^2 है। ताँबे की छड़ के सिरे का तापमान 100°C हैं जबकि पीतल एवं स्टील के सिरे 0°C तापमान पर रखे गये हैं। ताँबे, पीतल एवं स्टील की छड़ों की लम्बाईयाँ क्रमश: 46, 13 एवं 12 cms हैं। छड़ों को, उनके सिरों को छोड़कर, वातावरण से ऊष्मीय रोधी किया गया है। ताँबे, पीतल एवं स्टील की ऊष्मा चालकताएँ क्रमश: 0.92, 0.26 एवं 0.12 CGS इकाई हैं। ताँबे की छड़ से प्रवाहित ऊष्मा की दर है:",
"1.2 cal/s","2.4 cal/s","4.8 cal/s","6.0 cal/s",
"1.2 cal/s","2.4 cal/s","4.8 cal/s","6.0 cal/s","3")

add(12,"Physics",
"One mole of diatomic ideal gas undergoes a cyclic process ABC as shown in figure. The process BC is adiabatic. The temperatures at A, B and C are 400 K, 800 K and 600 K respectively. Choose the correct statement: [Figure: P-V diagram, A(400K) -> B(800K) -> C(600K) -> A]",
"द्विपरमाणुक आदर्श गैस का एक मोल चक्रीय प्रक्रिया ABC से गुजरता है जैसा कि चित्र में दर्शाया गया है। प्रक्रिया BC रुद्धोष्म है। A, B एवं C के तापमान क्रमश: 400 K, 800 K एवं 600 K हैं। सही कथन चुनिये: [चित्र: P-V आरेख, A(400K) -> B(800K) -> C(600K) -> A]",
"The change in internal energy in whole cyclic process is 250 R.","The change in internal energy in the process CA is 700 R.","The change in internal energy in the process AB is -350 R.","The change in internal energy in the process BC is -500 R.",
"सम्पूर्ण चक्रीय प्रक्रिया में आन्तरिक ऊर्जा में परिवर्तन 250 R है।","प्रक्रिया CA में आन्तरिक ऊर्जा में परिवर्तन 700 R है।","प्रक्रिया AB में आन्तरिक ऊर्जा में परिवर्तन −350 R है।","प्रक्रिया BC में आन्तरिक ऊर्जा में परिवर्तन −500 R है।","4")

add(13,"Physics",
"An open glass tube is immersed in mercury in such a way that a length of 8 cm extends above the mercury level. The open end of the tube is then closed and sealed and the tube is raised vertically up by additional 46 cm. What will be length of the air column above mercury in the tube now? (Atmospheric pressure = 76 cm of Hg)",
"एक खुली काँच की नली को पारे में इस प्रकार डुबोया जाता है कि पारे के स्तर से 8 cm ऊपर काँच की नली की लम्बाई है। नली के खुले सिरे को अब बन्द कर सील कर दिया जाता है और नली को ऊर्ध्वाधर अतिरिक्त 46 cm ऊपर उठाया जाता है। नली में पारे के ऊपर वायु स्तम्भ की लम्बाई अब क्या होगी? (वायुमंडलीय दाब = Hg का 76 cm)",
"16 cm","22 cm","38 cm","6 cm",
"16 cm","22 cm","38 cm","6 cm","2")

add(14,"Physics",
"A particle moves with simple harmonic motion in a straight line. In first τ s, after starting from rest it travels a distance a, and in next τ s it travels 2a, in same direction, then:",
"एक कण एक सरल रेखा में सरल आवर्त गति से गतिशील है। यह विरामावस्था से प्रारम्भ कर प्रथम τ सैकिंड में दूरी a और अगले τ सैकिंड में दूरी 2a उसी दिशा में तय करता है। तब:",
"amplitude of motion is 3a","time period of oscillations is 8τ","amplitude of motion is 4a","time period of oscillations is 6τ",
"गति का आयाम 3a है।","दोलनों का आवर्त काल 8τ है।","गति का आयाम 4a है।","दोलनों का आवर्त काल 6τ है।","4")

add(15,"Physics",
"A pipe of length 85 cm is closed from one end. Find the number of possible natural oscillations of air column in the pipe whose frequencies lie below 1250 Hz. The velocity of sound in air is 340 m/s.",
"लम्बाई 85 cm के एक पाइप के एक सिरे को बन्द कर दिया जाता है। पाइप में वायु स्तम्भ के सम्भव प्राकृतिक दोलनो की वह संख्या निकालिए जिनकी आवृत्ति 1250 Hz से कम है। वायु में ध्वनि का वेग 340 m/s है।",
"12","8","6","4",
"12","8","6","4","2")

add(16,"Physics",
"Assume that an electric field E = 30x^2 î exists in space. Then the potential difference VA − VO, where VO is the potential at the origin and VA the potential at x = 2 m is:",
"मान लें व्योम में एक विद्युत क्षेत्र E = 30x^2 î है। तब विभवान्तर VA − VO, जहाँ VO मूलबिन्दु पर विभव एवं VA, x = 2 m पर विभव हैं, है:",
"120 J","-120 J","-80 J","80 J",
"120 J","−120 J","−80 J","80 J","2")

add(17,"Physics",
"A parallel plate capacitor is made of two circular plates separated by a distance of 5 mm and with a dielectric of dielectric constant 2.2 between them. When the electric field in the dielectric is 3×10^4 V/m, the charge density of the positive plate will be close to:",
"दो वृत्तीय प्लेटो, जिनके बीच दूरी 5 mm हैं, से एक समान्तर पट्टिका संधारित्र बनाया गया है जिसके बीच परावैद्युत स्थिरांक 2.2 का एक परावैद्युत रखा गया है। जब परावैद्युत में विद्युत क्षेत्र 3×10^4 V/m है, तब धनात्मक प्लेट का आवेश घनत्व लगभग होगा:",
"6×10^-7 C/m^2","3×10^-7 C/m^2","3×10^4 C/m^2","6×10^4 C/m^2",
"6×10^-7 C/m^2","3×10^-7 C/m^2","3×10^4 C/m^2","6×10^4 C/m^2","1")

add(18,"Physics",
"In a large building, there are 15 bulbs of 40 W, 5 bulbs of 100 W, 5 fans of 80 W and 1 heater of 1 kW. The voltage of the electric mains is 220 V. The minimum capacity of the main fuse of the building will be:",
"एक बृहत भवन में, 40 W के 15 बल्ब, 100 W के 5 बल्ब, 80 W के 5 पंखे एवं 1 kW का 1 हीटर हैं। बिजली के मेन्स की वोल्टता 220 V हैं। भवन के मुख्य फ्यूज़ की न्यूनतम क्षमता होगी:",
"8 A","10 A","12 A","14 A",
"8 A","10 A","12 A","14 A","3")

add(19,"Physics",
"A conductor lies along the z-axis at −1.5 ≤ z < 1.5 m and carries a fixed current of 10.0 A in −âz direction. For a field B = 3.0×10^-4 e^(-0.2x) ây T, find the power required to move the conductor at constant speed to x=2.0 m, y=0 m in 5×10^-3 s. Assume parallel motion along the x-axis.",
"एक सुचालक z-अक्ष के साथ −1.5 ≤ z < 1.5 m पर रखा है और इसमें −âz दिशा में स्थिर धारा 10.0 A प्रवाहित हो रही है। क्षेत्र B = 3.0×10^-4 e^(-0.2x) ây T के लिये, सुचालक को स्थिर चाल से x=2.0 m, y=0 m तक 5×10^-3 s में गति कराने के लिये आवश्यक शक्ति की गणना कीजिए। x-अक्ष पर समान्तर गति मान लें।",
"1.57 W","2.97 W","14.85 W","29.7 W",
"1.57 W","2.97 W","14.85 W","29.7 W","2")

add(20,"Physics",
"The coercivity of a small magnet where the ferromagnet gets demagnetized is 3×10^3 A/m. The current required to be passed in a solenoid of length 10 cm and number of turns 100, so that the magnet gets demagnetized when inside the solenoid, is:",
"एक छोटे चुम्बक की निग्राहिता, जहाँ लोहचुम्बक अचुम्बकीय हो जाता है, 3×10^3 A/m है। चक्रों की संख्या 100 एवं लम्बाई 10 cm की एक परिनालिका से प्रवाहित आवश्यक धारा का मान, जिससे कि चुम्बक परिनालिका के अन्दर होने पर अचुम्बकीय हो जाये, है:",
"30 mA","60 mA","3 A","6 A",
"30 mA","60 mA","3 A","6 A","3")

add(21,"Physics",
"In the circuit shown here, the point 'C' is kept connected to point 'A' till the current flowing through the circuit becomes constant. Afterward, suddenly, point 'C' is disconnected from point 'A' and connected to point 'B' at time t=0. Ratio of the voltage across resistance and the inductor at t=L/R will be equal to: [Figure: battery-A/C switch-B, resistor R and inductor L]",
"यहाँ दर्शाये गये परिपथ में, बिन्दु 'C' को बिन्दु 'A' से तब तक जोड़े रखा जाता है जब तक कि परिपथ में प्रवाहित धारा स्थिर न हो जाए। तत्पश्चात्, अचानक, बिन्दु 'C' को बिन्दु 'A' से हटाकर बिन्दु 'B' से t=0 समय पर जोड़ दिया जाता है। t=L/R पर प्रतिरोध पर वोल्टता का प्रेरकत्व पर वोल्टता से अनुपात होगा:",
"e/(1-e)","1","-1","(1-e)/e",
"e/(1-e)","1","−1","(1−e)/e","3")

add(22,"Physics",
"During the propagation of electromagnetic waves in a medium:",
"एक माध्यम में विद्युत चुम्बकीय तरंगों के संचरण के दौरान:",
"Electric energy density is double of the magnetic energy density.","Electric energy density is half of the magnetic energy density.","Electric energy density is equal to the magnetic energy density.","Both electric and magnetic energy densities are zero.",
"विद्युतीय ऊर्जा घनत्व चुम्बकीय ऊर्जा घनत्व का दोगुना है।","विद्युतीय ऊर्जा घनत्व चुम्बकीय ऊर्जा घनत्व का आधा है।","विद्युतीय ऊर्जा घनत्व चुम्बकीय ऊर्जा घनत्व के बराबर है।","दोनों विद्युतीय एवं चुम्बकीय ऊर्जा घनत्व शून्य है।","3")

add(23,"Physics",
"A thin convex lens made from crown glass (μ = 3/2) has focal length f. When it is measured in two different liquids having refractive indices 4/3 and 5/3, it has the focal lengths f1 and f2 respectively. The correct relation between the focal lengths is:",
"क्राउन काँच (μ = 3/2) से बने एक पतले उत्तल लेन्स की फोकस लम्बाई f है। जब इसे अपवर्तनांक 4/3 एवं 5/3 वाले दो भिन्न द्रवों में रखकर मापा जाता है, तब फोकस लम्बाइयाँ क्रमश: f1 एवं f2 हैं। फोकस लम्बाइयों के बीच सही सम्बन्ध है:",
"f1 = f2 < f","f1 > f and f2 becomes negative","f2 > f and f1 becomes negative","f1 and f2 both become negative",
"f1 = f2 < f","f1 > f और f2 ऋणात्मक हो जाता है।","f2 > f और f1 ऋणात्मक हो जाता है।","f1 एवं f2 दोनों ऋणात्मक हो जाते हैं।","2")

add(24,"Physics",
"A green light is incident from the water to the air-water interface at the critical angle (θ). Select the correct statement.",
"एक हरे रंग का प्रकाश पानी से वायु-जल अन्तरापृष्ठ पर क्रान्तिक कोण(θ) से आपतित है। सही कथन चुनिये।",
"The entire spectrum of visible light will come out of the water at an angle of 90° to the normal.","The spectrum of visible light whose frequency is less than that of green light will come out to the air medium.","The spectrum of visible light whose frequency is more than that of green light will come out to the air medium.","The entire spectrum of visible light will come out of the water at various angles to the normal.",
"अभिलम्ब से 90° कोण पर पानी से दृश्य प्रकाश का सम्पूर्ण स्पेक्ट्रम बाहर निकलेगा।","दृश्य प्रकाश का वह स्पेक्ट्रम, जिसकी तरंगदैर्ध्य हरे प्रकाश से कम है, पानी से वायु के माध्यम में बाहर निकलेगा।","दृश्य प्रकाश का वह स्पेक्ट्रम, जिसकी तरंगदैर्ध्य हरे प्रकाश से अधिक है, पानी से वायु के माध्यम में बाहर निकलेगा।","दृश्य प्रकाश का सम्पूर्ण स्पेक्ट्रम पानी से अभिलम्ब से विभिन्न कोणों पर बाहर निकलेगा।","2")

add(25,"Physics",
"Two beams, A and B, of plane polarized light with mutually perpendicular planes of polarization are seen through a polaroid. From the position when the beam A has maximum intensity (and beam B has zero intensity), a rotation of polaroid through 30° makes the two beams appear equally bright. If the initial intensities of the two beams are IA and IB respectively, then IA/IB equals:",
"धुवण के अन्योन्य लम्बवत् तलों वाले समतल धुवीय प्रकाश की दो पुंज A एवं B एक पोलरायड द्वारा देखी जाती है। उस स्थिति से जहाँ पुंज A की अधिकतम तीव्रता है (और पुंज B की शून्य तीव्रता है) पोलरायड का 30° से घूर्णन दोनों पुंजों को एकसमान द्युतिमान प्रतीत होता है। यदि दोनों पुँजों की प्रारम्भिक तीव्रताएँ क्रमश: IA एवं IB हैं, तब IA/IB का मान है:",
"3","3/2","1","1/3",
"3","3/2","1","1/3","4")

add(26,"Physics",
"The radiation corresponding to 3→2 transition of hydrogen atom falls on a metal surface to produce photoelectrons. These electrons are made to enter a magnetic field of 3×10^-4 T. If the radius of the largest circular path followed by these electrons is 10.0 mm, the work function of the metal is close to:",
"हाइड्रोजन परमाणु के 3→2 संक्रमण के संगत विकिरण एक धातु पृष्ठ पर आपतित होकर फोटोइलेक्ट्रॉन उत्पन्न करता है। ये इलेक्ट्रॉन 3×10^-4 T के एक चुम्बकीय क्षेत्र में प्रवेश करते हैं। यदि इलेक्ट्रॉनों द्वारा अनुगामी अधिकतम वृत्तीय पथ की त्रिज्या 10.0 mm हो, तब धातु का कार्य फलन लगभग है:",
"1.8 eV","1.1 eV","0.8 eV","1.6 eV",
"1.8 eV","1.1 eV","0.8 eV","1.6 eV","2")

add(27,"Physics",
"Hydrogen (1H1), Deuterium (1H2), singly ionised Helium (2He4)+ and doubly ionised lithium (3Li6)++ all have one electron around the nucleus. Consider an electron transition from n=2 to n=1. If the wavelengths of emitted radiation are λ1, λ2, λ3 and λ4 respectively then approximately which one of the following is correct?",
"हाइड्रोजन (1H1), ड्यूटेरियम (1H2), एकधा आयनित हीलियम (2He4)+ और द्विधा आयनित लीथियम (3Li6)++ सभी में एक इलेक्ट्रॉन नाभिक के चारों ओर हैं। n=2 से n=1 के इलेक्ट्रॉन संक्रमण पर विचार कीजिये। यदि उत्सर्जित विकिरण की तरंगदैर्घ्य क्रमश: λ1, λ2, λ3 एवं λ4 हैं, तब निम्नलिखित सम्बन्धों में से कौन सा लगभग सही है?",
"4λ1 = 2λ2 = 2λ3 = λ4","λ1 = 2λ2 = 2λ3 = λ4","λ1 = λ2 = 4λ3 = 9λ4","λ1 = 2λ2 = 3λ3 = 4λ4",
"4λ1 = 2λ2 = 2λ3 = λ4","λ1 = 2λ2 = 2λ3 = λ4","λ1 = λ2 = 4λ3 = 9λ4","λ1 = 2λ2 = 3λ3 = 4λ4","3")

add(28,"Physics",
"The forward biased diode connection is: (1) +2V—diode(fwd)—resistor—(-2V) (2) -3V—diode—resistor—(-3V) (3) 2V—diode(reverse)—resistor—4V (4) -2V—diode(reverse)—resistor—(+2V)",
"अग्रसित बायस वाला डायोड जोड़ है: (1) +2V—डायोड(अग्र)—प्रतिरोध—(−2V) (2) −3V—डायोड—प्रतिरोध—(−3V) (3) 2V—डायोड(विपरीत)—प्रतिरोध—4V (4) −2V—डायोड(विपरीत)—प्रतिरोध—(+2V)",
"+2V —diode— −2V circuit","−3V —diode— −3V circuit","2V —diode— 4V circuit (reverse biased)","−2V —diode— +2V circuit (reverse biased)",
"+2V —डायोड— −2V परिपथ","−3V —डायोड— −3V परिपथ","2V —डायोड— 4V परिपथ (विपरीत बायस)","−2V —डायोड— +2V परिपथ (विपरीत बायस)","1")

add(29,"Physics",
"Match List-I (Electromagnetic wave type) with List-II (Its association/application): (a) Infrared waves (b) Radio waves (c) X-rays (d) Ultraviolet rays; (i) To treat muscular strain (ii) For broadcasting (iii) To detect fracture of bones (iv) Absorbed by the ozone layer of the atmosphere",
"सूची-I (विद्युत चुम्बकीय तरंग प्रकार) को सूची-II (इससे सम्बद्धित/अनुप्रयोगित) से सुमेलित कीजिये: (a) अवरक्त तरंगे (b) रेडियो तरंगे (c) एक्स-किरणें (d) पराबैंगनी किरणें; (i) माँसपेशियों की विकृति के इलाज के लिये (ii) प्रसारण के लिये (iii) हड्डियों के अस्थिभंग की पहचान के लिये (iv) वातावरण की ओज़ोन परत द्वारा अवशोषण",
"(a)-iv,(b)-iii,(c)-ii,(d)-i","(a)-i,(b)-ii,(c)-iv,(d)-iii","(a)-iii,(b)-ii,(c)-i,(d)-iv","(a)-i,(b)-ii,(c)-iii,(d)-iv",
"(a)-iv,(b)-iii,(c)-ii,(d)-i","(a)-i,(b)-ii,(c)-iv,(d)-iii","(a)-iii,(b)-ii,(c)-i,(d)-iv","(a)-i,(b)-ii,(c)-iii,(d)-iv","4")

add(30,"Physics",
"A student measured the length of a rod and wrote it as 3.50 cm. Which instrument did he use to measure it?",
"एक विद्यार्थी ने एक छड़ की लम्बाई मापकर 3.50 cm लिखी। इसको मापने में उसने किस उपकरण का प्रयोग किया?",
"A meter scale.","A vernier calliper where the 10 divisions in vernier scale matches with 9 division in main scale and main scale has 10 divisions in 1 cm.","A screw gauge having 100 divisions in the circular scale and pitch as 1 mm.","A screw gauge having 50 divisions in the circular scale and pitch as 1 mm.",
"एक मीटर स्केल।","एक वर्नियर कैलिपर्स जहाँ वर्नियर स्केल के 10 भाग मुख्य स्केल के 9 भागों से मिलते हैं और मुख्य स्केल के 1 cm में 10 भाग हैं।","एक स्क्रू गेज़ जिसके वर्नियर स्केल में 100 भाग हैं और पिच 1 mm है।","एक स्क्रू गेज़ जिसके वर्नियर स्केल में 50 भाग हैं और पिच 1 mm है।","2")

# ---------------- CHEMISTRY 31-60 ----------------
add(31,"Chemistry",
"The correct set of four quantum numbers for the valence electrons of rubidium atom (Z=37) is:",
"रूबिडियम परमाणु (Z=37) के लिये वेलैन्सी इलेक्ट्रॉनों के उचित चार क्वान्टम नम्बरों का सेट होता है:",
"5,0,0,+1/2","5,1,0,+1/2","5,1,1,+1/2","5,0,1,+1/2",
"5,0,0,+1/2","5,1,0,+1/2","5,1,1,+1/2","5,0,1,+1/2","1")

add(32,"Chemistry",
"If Z is a compressibility factor, van der Waals equation at low pressure can be written as:",
"यदि Z संपीड्न गुणक हो तो कम दाब पर वांडरवाल्स समीकरण को लिखा जा सकता है:",
"Z = 1 + RT/Pb","Z = 1 - a/VRT","Z = 1 - Pb/RT","Z = 1 + Pb/RT",
"Z = 1 + RT/Pb","Z = 1 − a/VRT","Z = 1 − Pb/RT","Z = 1 + Pb/RT","2")

add(33,"Chemistry",
"CsCl crystallises in body centred cubic lattice. If 'a' is its edge length then which of the following expressions is correct?",
"CsCl काय केन्द्रित घनाकर जालक में क्रिस्टलित होता है। यदि किनारे की लम्बाई 'a' हो तो निम्न सूत्रों में से कौन-सा ठीक होगा?",
"r(Cs+) + r(Cl-) = 3a","r(Cs+) + r(Cl-) = 3a/2","r(Cs+) + r(Cl-) = (√3/2)a","r(Cs+) + r(Cl-) = √3 a",
"r(Cs+) + r(Cl-) = 3a","r(Cs+) + r(Cl-) = 3a/2","r(Cs+) + r(Cl-) = (√3/2)a","r(Cs+) + r(Cl-) = √3 a","3")

add(34,"Chemistry",
"For the estimation of nitrogen, 1.4 g of an organic compound was digested by Kjeldahl method and the evolved ammonia was absorbed in 60 mL of M/10 sulphuric acid. The unreacted acid required 20 mL of M/10 sodium hydroxide for complete neutralization. The percentage of nitrogen in the compound is:",
"नाइट्रोजन के आकलन के लिए 1.4 ग्रा. कार्बनिक यौगिक जेल्डॉल विधि के अनुसार अपचित किया गया तथा मुक्त हुए अमोनिया को 60 मिली M/10 सल्प्यूरिक अम्ल में अवशोषित किया गया। अधिशेष अम्ल के पूर्ण उदासीनीकरण के लिए 20 मिली M/10 सोडियम हाइड्रॉक्साइड की आवश्यकता हुई। यौगिक में नाइट्रोजन की प्रतिशतता है:",
"6%","10%","3%","5%",
"6%","10%","3%","5%","3")

add(35,"Chemistry",
"Resistance of 0.2 M solution of an electrolyte is 50 Ω. The specific conductance of the solution is 1.4 S/m. The resistance of 0.5 M solution of the same electrolyte is 280 Ω. The molar conductivity of 0.5 M solution of the electrolyte in S m^2 mol^-1 is:",
"एक वैद्युत अपघट्य में 0.2 M विलयन का प्रतिरोध 50 Ω है। इस विलयन का विशिष्ट चालकत्व 1.4 S m^-1 है। इसी विद्युत अपघट्य के 0.5 M विलयन का प्रतिरोध 280 Ω है। विद्युत अपघट्य के 0.5 M विलयन की मोलर चालकता S m^2 मोल^-1 में होगी:",
"5×10^-4","5×10^-3","5×10^3","5×10^2",
"5×10^-4","5×10^-3","5×10^3","5×10^2","1")

add(36,"Chemistry",
"For complete combustion of ethanol, C2H5OH(l) + 3O2(g) -> 2CO2(g) + 3H2O(l), the amount of heat produced as measured in bomb calorimeter, is 1364.47 kJ/mol at 25°C. Assuming ideality the Enthalpy of combustion, ΔcH, for the reaction will be: (R=8.314 kJ mol^-1)",
"एथेनॉल के पूर्ण ज्वलन के लिये, C2H5OH(l) + 3O2(g) -> 2CO2(g) + 3H2O(l), बम केलोरीमीटर में मापित ऊर्जा 25°C पर 1364.47 kJ/mol है। आदर्शता मानते हुए ज्वलन की एन्थैल्पी, ΔcH, होगी: (R=8.314 kJ mol^-1)",
"-1366.95 kJ/mol","-1361.95 kJ/mol","-1460.50 kJ/mol","-1350.50 kJ/mol",
"−1366.95 kJ/mol","−1361.95 kJ/mol","−1460.50 kJ/mol","−1350.50 kJ/mol","2")

add(37,"Chemistry",
"The equivalent conductance of NaCl at concentration C and at infinite dilution are λC and λ∞, respectively. The correct relationship between λC and λ∞ is given as: (where the constant B is positive)",
"सान्द्रण C पर और अनन्त तनुता पर NaCl विलयन की इक्विवेलैन्ट चालकता को λC और λ∞ मानते हुए उनका आपसी सम्बन्ध लिखा जा सकता है: (B एक स्थिर अंक है)",
"λC = λ∞ + (B)C","λC = λ∞ - (B)C","λC = λ∞ - (B)√C","λC = λ∞ + (B)√C",
"λC = λ∞ + (B)C","λC = λ∞ − (B)C","λC = λ∞ − (B)√C","λC = λ∞ + (B)√C","3")

add(38,"Chemistry",
"Consider separate solutions of 0.500 M C2H5OH(aq), 0.100 M Mg3(PO4)2(aq), 0.250 M KBr(aq) and 0.125 M Na3PO4(aq) at 25°C. Which statement is true about these solutions, assuming all salts to be strong electrolytes?",
"0.500 M C2H5OH(जलीय), 0.100 M Mg3(PO4)2(जलीय), 0.250 M KBr(जलीय) और 0.125 M Na3PO4(जलीय) विलयनों को 25°C पर ध्यान दीजिये। सभी नमकों को प्रबल इलैक्ट्रोलाइट मानते हुए निम्न कथनों में से कौन-सा कथन यथार्थ है?",
"They all have the same osmotic pressure.","0.100 M Mg3(PO4)2(aq) has the highest osmotic pressure.","0.125 M Na3PO4(aq) has the highest osmotic pressure.","0.500 M C2H5OH(aq) has the highest osmotic pressure.",
"इन सब के लिये आसमाटिक दाब के मान समान होगा।","0.100 M Mg3(PO4)2 (जलीय) का आसमाटिक दाब उच्चतम होगा।","0.125 M Na3PO4 (जलीय) का आसमाटिक दाब उच्चतम होगा।","0.500 M C2H5OH(जलीय) का आसमाटिक दाब उच्चतम होगा।","1")

add(39,"Chemistry",
"For the reaction SO2(g) + 1/2 O2(g) <=> SO3(g), if KP = KC(RT)^x where the symbols have usual meaning then the value of x is: (assuming ideality)",
"अभिक्रिया, SO2(g) + 1/2 O2(g) <=> SO3(g) के लिए KP = KC(RT)^x होगा जबकी सब सूचक अक्षर सामान्य अर्थ रखते हैं तो आदर्शरूपता मानते हुए x का मान होगा:",
"-1","-1/2","1/2","1",
"−1","−1/2","1/2","1","2")

add(40,"Chemistry",
"For the non-stoichiometre reaction 2A+B -> C+D, the following kinetic data were obtained in three separate experiments, all at 298 K. [A]=0.1M,[B]=0.1M,rate=1.2e-3; [A]=0.1M,[B]=0.2M,rate=1.2e-3; [A]=0.2M,[B]=0.1M,rate=2.4e-3. The rate law for the formation of C is:",
"रसायनकिता रिक्त अभिक्रिया 2A+B -> C+D में तीन पृथक प्रयोगों में 298 K पर निम्न गतिक आंकड़े प्राप्त किये गये: [A]=0.1M,[B]=0.1M,दर=1.2×10^-3; [A]=0.1M,[B]=0.2M,दर=1.2×10^-3; [A]=0.2M,[B]=0.1M,दर=2.4×10^-3। अभिक्रिया के लिये C बनने का दर नियम होगा:",
"dc/dt = k[A][B]","dc/dt = k[A]^2[B]","dc/dt = k[A][B]^2","dc/dt = k[A]",
"dc/dt = k[A][B]","dc/dt = k[A]^2[B]","dc/dt = k[A][B]^2","dc/dt = k[A]","4")

add(41,"Chemistry",
"Among the following oxoacids, the correct decreasing order of acid strength is:",
"निम्न आक्सो अम्लों के लिये अम्ल शक्ति का यथार्थ घटता क्रम होगा:",
"HOCl > HClO2 > HClO3 > HClO4","HClO4 > HOCl > HClO2 > HClO3","HClO4 > HClO3 > HClO2 > HOCl","HClO2 > HClO4 > HClO3 > HOCl",
"HOCl > HClO2 > HClO3 > HClO4","HClO4 > HOCl > HClO2 > HClO3","HClO4 > HClO3 > HClO2 > HOCl","HClO2 > HClO4 > HClO3 > HOCl","3")

add(42,"Chemistry",
"The metal that cannot be obtained by electrolysis of an aqueous solution of its salts is:",
"धातु जो अपने लवणों के जलीय विलयनों के इलैक्ट्रालेसिस (विद्युत अपघटन) से प्राप्त नहीं हो सकती होती है:",
"Ag","Ca","Cu","Cr",
"Ag","Ca","Cu","Cr","2")

add(43,"Chemistry",
"The octahedral complex of a metal ion M3+ with four monodentate ligands L1, L2, L3 and L4 absorb wavelengths in the region of red, green, yellow and blue, respectively. The increasing order of ligand strength of the four ligands is:",
"M3+ धातु आयन का चार एक पकड़ी लिगैंडों, L1, L2, L3 और L4 के साथ अष्ट फलकीय संकर लाल, हरे, पीले और नीले स्थलों से तरंगदैध्र्यों का क्रमानुसार अवशोषण करता है। चार लिगैंडों की शक्ति का बढ़ता क्रम है:",
"L4 < L3 < L2 < L1","L1 < L3 < L2 < L4","L3 < L2 < L4 < L1","L1 < L2 < L4 < L3",
"L4 < L3 < L2 < L1","L1 < L3 < L2 < L4","L3 < L2 < L4 < L1","L1 < L2 < L4 < L3","2")

add(44,"Chemistry",
"Which one of the following properties is not shown by NO?",
"NO कौन-सा निम्न गुण प्रदर्शित नहीं करता है?",
"It is diamagnetic in gaseous state","It is a neutral oxide","It combines with oxygen to form nitrogen dioxide","It's bond order is 2.5",
"गैसीय अवस्था में प्रतिचुम्बकीय है।","यह एक उदासीन ऑक्साइड है।","यह ऑक्सीजन से योग कर नाइट्रोजन डाईऑक्साइड बनाता है।","इसकी बन्ध कोटि 2.5 है।","1")

add(45,"Chemistry",
"In which of the following reactions H2O2 acts as a reducing agent? (a) H2O2+2H++2e- -> 2H2O (b) H2O2-2e- -> O2+2H+ (c) H2O2+2e- -> 2OH- (d) H2O2+2OH--2e- -> O2+2H2O",
"निम्न किन अभिक्रियाओं में H2O2 एक अपचायक का काम करता है? (a) H2O2+2H++2e- -> 2H2O (b) H2O2-2e- -> O2+2H+ (c) H2O2+2e- -> 2OH- (d) H2O2+2OH--2e- -> O2+2H2O",
"(a),(b)","(c),(d)","(a),(c)","(b),(d)",
"(a), (b)","(c), (d)","(a), (c)","(b), (d)","4")

add(46,"Chemistry",
"The correct statement for the molecule, CsI3, is:",
"CsI3 अणु के लिये यथार्थ कथन होगा:",
"it is a covalent molecule.","it contains Cs+ and I3- ions.","it contains Cs3+ and I- ions.","it contains Cs+, I- and lattice I2 molecule.",
"यह एक सहसंयोजकी अणु है।","इसमें Cs+ और I3- आयन होते हैं।","इसमें Cs3+ और I- आयन होते हैं।","इसमें Cs+, I- और I2 जालक होते हैं।","2")

add(47,"Chemistry",
"The ratio of masses of oxygen and nitrogen in a particular gaseous mixture is 1:4. The ratio of number of their molecule is:",
"एक विशेष गैसीय मिश्रण में ऑक्सीजन और नाइट्रोजन के द्रव्यमानों का अनुपात 1:4 है। इस मिश्रण में इनकी अणु संख्याओं का अनुपात होगा:",
"1:4","7:32","1:8","3:16",
"1:4","7:32","1:8","3:16","2")

add(48,"Chemistry",
"Given below are the half-cell reactions: Mn2+ + 2e- -> Mn; E°=-1.18V. 2(Mn3+ + e- -> Mn2+); E°=+1.51V. The E° for 3Mn2+ -> Mn + 2Mn3+ will be:",
"नीचे कुछ अर्द्ध सेल अभिक्रियाएं दी गई हैं: Mn2+ + 2e- -> Mn; E°=-1.18V. 2(Mn3+ + e- -> Mn2+); E°=+1.51V. 3Mn2+ -> Mn + 2Mn3+ के लिये E° होगा:",
"-2.69 V; the reaction will not occur","-2.69 V; the reaction will occur","-0.33 V; the reaction will not occur","-0.33 V; the reaction will occur",
"−2.69 V; अभिक्रिया नहीं होगी।","−2.69 V; अभिक्रिया होगी।","−0.33 V; अभिक्रिया नहीं होगी।","−0.33 V; अभिक्रिया होगी।","1")

add(49,"Chemistry",
"Which series of reactions correctly represents chemical relations related to iron and its compound?",
"इनमें से अभिक्रियाओं का कौन-सा क्रम यथार्थ रूप में लोहे और इसके यौगिकों की रासायनिक अभिक्रियाओं को निरूपित करता है?",
"Fe -dilH2SO4-> FeSO4 -H2SO4,O2-> Fe2(SO4)3 -heat-> Fe","Fe -O2,heat-> FeO -dilH2SO4-> FeSO4 -heat-> Fe","Fe -Cl2,heat-> FeCl3 -heat,air-> FeCl2 -Zn-> Fe","Fe -O2,heat-> Fe3O4 -CO,600C-> FeO -CO,700C-> Fe",
"Fe →तनु H2SO4→ FeSO4 →H2SO4,O2→ Fe2(SO4)3 →ताप→ Fe","Fe →O2,ताप→ FeO →तनु H2SO4→ FeSO4 →ताप→ Fe","Fe →Cl2,ताप→ FeCl3 →ताप,वायु→ FeCl2 →Zn→ Fe","Fe →O2,ताप→ Fe3O4 →CO,600°C→ FeO →CO,700°C→ Fe","4")

add(50,"Chemistry",
"The equation which is balanced and represents the correct product(s) is:",
"समीकरण जो संतुलित है और यथार्थ क्रिया फलों की सूचक है, है:",
"Li2O+2KCl -> 2LiCl+K2O","[CoCl(NH3)5]+ + 5H+ -> Co2+ + 5NH4+ + Cl-","[Mg(H2O)6]2+ + (EDTA)4- --excess NaOH--> [Mg(EDTA)]2+ + 6H2O","CuSO4 + 4KCN -> K2[Cu(CN)4] + K2SO4",
"Li2O+2KCl -> 2LiCl+K2O","[CoCl(NH3)5]+ + 5H+ -> Co2+ + 5NH4+ + Cl-","[Mg(H2O)6]2+ + (EDTA)4- --NaOH का आधिक्य--> [Mg(EDTA)]2+ + 6H2O","CuSO4 + 4KCN -> K2[Cu(CN)4] + K2SO4","4")

add(51,"Chemistry",
"In SN2 reactions, the correct order of reactivity for the following compounds: CH3Cl, CH3CH2Cl, (CH3)2CHCl and (CH3)3CCl is:",
"यौगिकों CH3Cl, CH3CH2Cl, (CH3)2CHCl और (CH3)3CCl का SN2 क्रिया में क्रिया करण का उचित स्तर क्रम होता है:",
"CH3Cl > (CH3)2CHCl > CH3CH2Cl > (CH3)3CCl","CH3Cl > CH3CH2Cl > (CH3)2CHCl > (CH3)3CCl","CH3CH2Cl > CH3Cl > (CH3)2CHCl > (CH3)3CCl","(CH3)2CHCl > CH3CH2Cl > CH3Cl > (CH3)3CCl",
"CH3Cl > (CH3)2CHCl > CH3CH2Cl > (CH3)3CCl","CH3Cl > CH3CH2Cl > (CH3)2CHCl > (CH3)3CCl","CH3CH2Cl > CH3Cl > (CH3)2CHCl > (CH3)3CCl","(CH3)2CHCl > CH3CH2Cl > CH3Cl > (CH3)3CCl","2")

add(52,"Chemistry",
"On heating an aliphatic primary amine with chloroform and ethanolic potassium hydroxide, the organic compound formed is:",
"ऐलिफैटिक प्रायमरी एमीन को क्लोरोफार्म और एथानोलिक पोटैशियम हाइड्राक्साइड के साथ गरम करने पर बना आरगैनिक यौगिक होता है:",
"an alkanol","an alkanediol","an alkyl cyanide","an alkyl isocyanide",
"एक ऐल्कानोल","एक ऐल्केनडायोल","एक ऐल्किल सियानाइड","एक ऐल्किल आइसोसियानाइड","4")

add(53,"Chemistry",
"The most suitable reagent for the conversion of R-CH2-OH -> R-CHO is:",
"R−CH2−OH → R−CHO में बदलने का सबसे अधिक उपयुक्त अभिकारक होता है:",
"KMnO4","K2Cr2O7","CrO3","PCC (Pyridinium Chlorochromate)",
"KMnO4","K2Cr2O7","CrO3","PCC (पिरिडीनियम क्लोरोक्रोमेट)","4")

add(54,"Chemistry",
"The major organic compound formed by the reaction of 1,1,1-trichloroethane with silver powder is:",
"1,1,1−ट्राइक्लोरोईथेन को सिल्वर पाउडर के साथ क्रिया करने पर सबसे बड़ी मात्रा में बना आरगैनिक यौगिक होता है:",
"Acetylene","Ethene","2-Butyne","2-Butene",
"एसिटिलीन","ईथीन","2-ब्युटाइन","2-ब्युटीन","3")

add(55,"Chemistry",
"Sodium phenoxide when heated with CO2 under pressure at 125°C yields a product which on acetylation produces C (Kolbe-Schmitt reaction, C6H5ONa + CO2 -(125C,5atm)-> B -(H+/Ac2O)-> C). The major product C would be:",
"सोडियम फ़ैनाक्साइड की उच्च दाब और 125°C पर CO2 से अभिक्रिया करने पर जो यौगिक प्राप्त होता है उसके एसिटिलेशन पर क्रिया फल C होता है। बड़ी मात्रा में क्रिया फल C होगा:",
"Acetylsalicylic acid (2-acetoxybenzoic acid, aspirin structure)","2-hydroxyacetophenone with an extra COCH3 group (diacetyl derivative)","Methyl salicylate type ester with OH group","Same as option 1 (2-acetoxybenzoic acid) - isomeric depiction",
"एसिटिलसैलिसिलिक अम्ल (2-एसिटॉक्सीबेन्जोइक अम्ल, ऐस्पिरिन संरचना)","2-हाइड्रॉक्सीएसीटोफीनोन जिसमें अतिरिक्त COCH3 समूह हो (डाइऐसिटाइल व्युत्पन्न)","OH समूह के साथ मिथाइल सैलिसिलेट प्रकार का एस्टर","विकल्प 1 के समान (2-एसिटॉक्सीबेन्जोइक अम्ल) - समावयवी निरूपण","1")

add(56,"Chemistry",
"Considering the basic strength of amines in aqueous solution, which one has the smallest pKb value?",
"जलीय विलयन में एमीनों की क्षारीय प्रवृत्ति के अनुसार निम्नलिखितों में से किसके लिये pKb का मान कम से कम होगा?",
"(CH3)2NH","CH3NH2","(CH3)3N","C6H5NH2",
"(CH3)2NH","CH3NH2","(CH3)3N","C6H5NH2","1")

add(57,"Chemistry",
"For which of the following molecule significant μ≠0? (a) 1,4-dichlorobenzene (b) 1,4-dicyanobenzene (c) 1,4-dihydroxybenzene (d) 1,4-dimercaptobenzene (thiophenol, SH at 1,4)",
"निम्न में से किस अणु के लिये बहुत सीमा तक μ≠0 होगा? (a) 1,4-डाइक्लोरोबेन्जीन (b) 1,4-डाइसायनोबेन्जीन (c) 1,4-डाइहाइड्रॉक्सीबेन्जीन (d) 1,4-डाइमरकैप्टोबेन्जीन",
"Only (a)","(a) and (b)","Only (c)","(c) and (d)",
"केवल (a)","(a) और (b)","केवल (c)","(c) और (d)","4")

add(58,"Chemistry",
"Which one is classified as a condensation polymer?",
"इनमें से किसको कन्डैन्सेशन बहुलक माना जायेगा?",
"Dacron","Neoprene","Teflon","Acrylonitrile",
"डैकरान","नियोप्रिन","टैफ़्लान","ऐक्रिलोनाइट्राइल","1")

add(59,"Chemistry",
"Which one of the following bases is not present in DNA?",
"निम्न क्षारों में से कौन एक DNA में नहीं पाया जाता?",
"Quinoline","Adenine","Cytosine","Thymine",
"क्विनोलीन","ऐडिनीन","साइटोसीन","थाईमीन","1")

add(60,"Chemistry",
"In the reaction, CH3COOH -LiAlH4-> A -PCl5-> B -Alc.KOH-> C, the product C is:",
"अभिक्रिया सेट, CH3COOH -LiAlH4-> A -PCl5-> B -Alc.KOH-> C में क्रिया फल C होता है:",
"Acetaldehyde","Acetylene","Ethylene","Acetyl chloride",
"ऐसिटऐल्डिहाइड","एसिटिलीन","इथाईलीन","एसिटाइल क्लोराइड","3")

# ---------------- MATHEMATICS 61-90 ----------------
add(61,"Mathematics",
"If X = {4^n - 3n - 1 : n ∈ N} and Y = {9(n-1) : n ∈ N}, where N is the set of natural numbers, then X∪Y is equal to:",
"यदि X = {4^n − 3n − 1 : n ∈ N} तथा Y = {9(n−1) : n ∈ N} हैं, जहाँ N, प्राकृत संख्याओं का समुच्चय है, तो X∪Y बराबर है:",
"X","Y","N","Y-X",
"X","Y","N","Y−X","2")

add(62,"Mathematics",
"If z is a complex number such that |z| ≥ 2, then the minimum value of |z + 1/2|:",
"यदि z एक ऐसी सम्मिश्र संख्या है कि |z| ≥ 2 है, तो |z + 1/2| का न्यूनतम मान:",
"is strictly greater than 5/2","is strictly greater than 3/2 but less than 5/2","is equal to 5/2","lies in the interval (1,2)",
"5/2 से निरंतर बड़ा है।","3/2 से निरंतर बड़ा है परन्तु 5/2 से कम है।","5/2 के बराबर है।","अंतराल (1,2) में स्थित है।","3")

add(63,"Mathematics",
"If a ∈ R and the equation -3(x-[x])^2 + 2(x-[x]) + a^2 = 0 (where [x] denotes the greatest integer ≤ x) has no integral solution, then all possible values of a lie in the interval:",
"यदि a ∈ R तथा समीकरण −3(x−[x])^2 + 2(x−[x]) + a^2 = 0 (जहाँ [x] उस बड़े से बड़े पूर्णांक को दर्शाता है जो ≤ x है) का कोई पूर्णांकीय हल नहीं है, तो a के सभी संभव मान जिस अंतराल में स्थित हैं, वह है:",
"(-2,-1)","(-inf,-2) U (2,inf)","(-1,0) U (0,1)","(1,2)",
"(−2, −1)","(−∞, −2) ∪ (2, ∞)","(−1, 0) ∪ (0, 1)","(1, 2)","3")

add(64,"Mathematics",
"Let α and β be the roots of equation px^2+qx+r=0, p≠0. If p,q,r are in A.P. and 1/α + 1/β = 4, then the value of |α-β| is:",
"माना α तथा β समीकरण px^2+qx+r=0, p≠0 के मूल हैं। यदि p, q, r समांतर श्रेढ़ी में हैं तथा 1/α + 1/β = 4 है, तो |α−β| का मान है:",
"√34/9","2√13/9","√61/9","2√17/9",
"√34/9","2√13/9","√61/9","2√17/9","2")

add(65,"Mathematics",
"If α,β≠0, and f(n)=α^n+β^n and the 3x3 determinant |3, 1+f(1), 1+f(2); 1+f(1), 1+f(2), 1+f(3); 1+f(2), 1+f(3), 1+f(4)| = K(1-α)^2(1-β)^2(α-β)^2, then K is equal to:",
"यदि α,β≠0, f(n)=α^n+β^n तथा सारणिक |3, 1+f(1), 1+f(2); 1+f(1), 1+f(2), 1+f(3); 1+f(2), 1+f(3), 1+f(4)| = K(1−α)^2(1−β)^2(α−β)^2 है, तो K बराबर है:",
"1","-1","αβ","1/(αβ)",
"1","−1","αβ","1/(αβ)","1")

add(66,"Mathematics",
"If A is a 3x3 non-singular matrix such that AA'=A'A and B=A^-1 A', then BB' equals:",
"यदि A एक ऐसा 3×3 व्युत्क्रमणीय आव्यूह है कि AA'=A'A तथा B=A^-1 A' है, तो BB' बराबर है:",
"B^-1","(B^-1)'","I+B","I",
"B^-1","(B^-1)'","I+B","I","4")

add(67,"Mathematics",
"If the coefficients of x^3 and x^4 in the expansion of (1+ax+bx^2)(1-2x)^18 in powers of x are both zero, then (a,b) is equal to:",
"यदि (1+ax+bx^2)(1−2x)^18 के x की घातों में प्रसार में x^3 तथा x^4, दोनों के गुणांक शून्य हैं, तो (a,b) बराबर है:",
"(14, 272/3)","(16, 272/3)","(16, 251/3)","(14, 251/3)",
"(14, 272/3)","(16, 272/3)","(16, 251/3)","(14, 251/3)","2")

add(68,"Mathematics",
"If (10)^9 + 2(11)^1(10)^8 + 3(11)^2(10)^7 + ... + 10(11)^9 = k(10)^9, then k is equal to:",
"यदि (10)^9 + 2(11)^1(10)^8 + 3(11)^2(10)^7 + ... + 10(11)^9 = k(10)^9 है, तो k बराबर है:",
"100","110","121/10","441/100",
"100","110","121/10","441/100","1")

add(69,"Mathematics",
"Three positive numbers form an increasing G.P. If the middle term in this G.P. is doubled, the new numbers are in A.P. Then the common ratio of the G.P. is:",
"तीन धनात्मक संख्याएं बढ़ती गुणोत्तर श्रेढ़ी में हैं। यदि इस गुणोत्तर श्रेढ़ी की बीच वाली संख्या दुगुनी कर दी जाए, तो नई बनी संख्याएं समांतर श्रेढ़ी में हो जाती हैं। गुणोत्तर श्रेढ़ी का सार्वअनुपात है:",
"2-√3","2+√3","√2+√3","3+√2",
"2−√3","2+√3","√2+√3","3+√2","2")

add(70,"Mathematics",
"lim(x->0) sin(π cos^2 x) / x^2 is equal to:",
"lim(x->0) sin(π cos^2 x) / x^2 का मान है:",
"-π","π","π/2","1",
"−π","π","π/2","1","2")

add(71,"Mathematics",
"If g is the inverse of a function f and f'(x) = 1/(1+x^5), then g'(x) is equal to:",
"यदि g फलन f का व्युत्क्रम है तथा f'(x) = 1/(1+x^5) है, तो g'(x) बराबर है:",
"1/(1+{g(x)}^5)","1+{g(x)}^5","1+x^5","5x^4",
"1/(1+{g(x)}^5)","1+{g(x)}^5","1+x^5","5x^4","1")

add(72,"Mathematics",
"If f and g are differentiable functions in [0,1] satisfying f(0)=2=g(1), g(0)=0 and f(1)=6, then for some c∈]0,1[:",
"यदि f तथा g, [0,1] में अवकलनीय फलन हैं जो f(0)=2=g(1), g(0)=0 और f(1)=6 को संतुष्ट करते हैं, तो किसी c∈]0,1[ के लिए:",
"f'(c)=g'(c)","f'(c)=2g'(c)","2f'(c)=g'(c)","2f'(c)=3g'(c)",
"f'(c)=g'(c)","f'(c)=2g'(c)","2f'(c)=g'(c)","2f'(c)=3g'(c)","2")

add(73,"Mathematics",
"If x=-1 and x=2 are extreme points of f(x)=α log|x| + βx^2 + x then:",
"यदि x=−1 तथा x=2, f(x)=α log|x| + βx^2 + x के चरमबिंदु हैं, तो:",
"alpha=2, beta=-1/2","alpha=2, beta=1/2","alpha=-6, beta=1/2","alpha=-6, beta=-1/2",
"α=2, β=−1/2","α=2, β=1/2","α=−6, β=1/2","α=−6, β=−1/2","3")

add(74,"Mathematics",
"The integral of (1+x-1/x) e^(x+1/x) dx is equal to:",
"समाकल ∫(1+x−1/x) e^(x+1/x) dx बराबर है:",
"(x+1)e^(x+1/x)+c","-x e^(x+1/x)+c","(x-1)e^(x+1/x)+c","x e^(x+1/x)+c",
"(x+1)e^(x+1/x)+c","−x e^(x+1/x)+c","(x−1)e^(x+1/x)+c","x e^(x+1/x)+c","4")

add(75,"Mathematics",
"The integral from 0 to pi of sqrt(1+4sin^2(x/2)-4sin(x/2)) dx equals:",
"समाकल ∫[0 to π] √(1+4sin^2(x/2)−4sin(x/2)) dx बराबर है:",
"4√3-4","4√3-4-π/3","π-4","2π/3-4-4√3",
"4√3−4","4√3−4−π/3","π−4","2π/3−4−4√3","2")

add(76,"Mathematics",
"The area of the region described by A={(x,y): x^2+y^2≤1 and y^2≤1-x} is:",
"A={(x,y) : x^2+y^2 ≤ 1 तथा y^2 ≤ 1−x} के द्वारा प्रदत्त क्षेत्र का क्षेत्रफल है:",
"pi/2 - 2/3","pi/2 + 2/3","pi/2 + 4/3","pi/2 - 4/3",
"π/2 − 2/3","π/2 + 2/3","π/2 + 4/3","π/2 − 4/3","1")

add(77,"Mathematics",
"Let the population of rabbits surviving at a time t be governed by the differential equation dp(t)/dt = (1/2)p(t) - 200. If p(0)=100, then p(t) equals:",
"माना किसी समय t पर जीवित खरगोशों की जनसंख्या अवकल समीकरण dp(t)/dt = (1/2)p(t) − 200 द्वारा नियंत्रित हैं। यदि p(0)=100 है, तो p(t) बराबर है:",
"600-500 e^(t/2)","400-300 e^(-t/2)","400-300 e^(t/2)","300-200 e^(-t/2)",
"600−500 e^(t/2)","400−300 e^(−t/2)","400−300 e^(t/2)","300−200 e^(−t/2)","3")

add(78,"Mathematics",
"Let PS be the median of the triangle with vertices P(2,2), Q(6,-1) and R(7,3). The equation of the line passing through (1,-1) and parallel to PS is:",
"माना PS एक त्रिभुज की माध्यिका है जिसके शीर्ष P(2,2), Q(6,−1) तथा R(7,3) हैं। (1,−1) से होकर जाने वाली रेखा, जो PS के समांतर है, का समीकरण है:",
"4x+7y+3=0","2x-9y-11=0","4x-7y-11=0","2x+9y+7=0",
"4x+7y+3=0","2x−9y−11=0","4x−7y−11=0","2x+9y+7=0","4")

add(79,"Mathematics",
"Let a,b,c and d be non-zero numbers. If the point of intersection of the lines 4ax+2ay+c=0 and 5bx+2by+d=0 lies in the fourth quadrant and is equidistant from the two axes then:",
"माना a, b, c तथा d शून्येतर संख्याएँ हैं। यदि रेखाओं 4ax+2ay+c=0 तथा 5bx+2by+d=0 का प्रतिच्छेद बिंदु चौथे चतुर्थांश में है तथा दोनों अक्षों से समदूरस्थ है, तो:",
"3bc-2ad=0","3bc+2ad=0","2bc-3ad=0","2bc+3ad=0",
"3bc−2ad=0","3bc+2ad=0","2bc−3ad=0","2bc+3ad=0","1")

add(80,"Mathematics",
"The locus of the foot of perpendicular drawn from the centre of the ellipse x^2+3y^2=6 on any tangent to it is:",
"दीर्घवृत्त x^2+3y^2=6 के केंद्र से इसकी किसी स्पर्श रेखा पर खींचे गए लंब के पाद का बिंदु पथ है:",
"(x^2+y^2)^2=6x^2+2y^2","(x^2+y^2)^2=6x^2-2y^2","(x^2-y^2)^2=6x^2+2y^2","(x^2-y^2)^2=6x^2-2y^2",
"(x^2+y^2)^2=6x^2+2y^2","(x^2+y^2)^2=6x^2−2y^2","(x^2−y^2)^2=6x^2+2y^2","(x^2−y^2)^2=6x^2−2y^2","1")

add(81,"Mathematics",
"Let C be the circle with centre at (1,1) and radius=1. If T is the circle centred at (0,y), passing through origin and touching the circle C externally, then the radius of T is equal to:",
"माना C एक वृत्त है जिसका केंद्र (1,1) पर है तथा त्रिज्या=1 है। यदि T केंद्र (0,y) वाला वृत्त है जो मूल बिंदु से हो कर जाता है तथा वृत्त C को बाह्य रूप से स्पर्श करता है, तो T की त्रिज्या बराबर है:",
"1/2","1/4","√3/√2","√3/2",
"1/2","1/4","√3/√2","√3/2","2")

add(82,"Mathematics",
"The slope of the line touching both the parabolas y^2=4x and x^2=-32y is:",
"परवलयों y^2=4x तथा x^2=−32y दोनों को स्पर्श करने वाली रेखा की प्रवणता है:",
"1/8","2/3","1/2","3/2",
"1/8","2/3","1/2","3/2","3")

add(83,"Mathematics",
"The image of the line (x-1)/3=(y-3)/1=(z-4)/-5 in the plane 2x-y+z+3=0 is the line:",
"समतल 2x−y+z+3=0 में रेखा (x−1)/3=(y−3)/1=(z−4)/−5 के प्रतिबिंब वाली रेखा है:",
"(x-3)/3=(y+5)/1=(z-2)/-5","(x-3)/-3=(y+5)/-1=(z-2)/5","(x+3)/3=(y-5)/1=(z-2)/-5","(x+3)/-3=(y-5)/-1=(z+2)/5",
"(x−3)/3=(y+5)/1=(z−2)/−5","(x−3)/−3=(y+5)/−1=(z−2)/5","(x+3)/3=(y−5)/1=(z−2)/−5","(x+3)/−3=(y−5)/−1=(z+2)/5","3")

add(84,"Mathematics",
"The angle between the lines whose direction cosines satisfy the equations l+m+n=0 and l^2=m^2+n^2 is:",
"दो रेखाएँ, जिनके दिक्-कोज्या, समीकरणों l+m+n=0 तथा l^2=m^2+n^2 को संतुष्ट करते हैं, के बीच का कोण है:",
"pi/6","pi/2","pi/3","pi/4",
"π/6","π/2","π/3","π/4","3")

add(85,"Mathematics",
"If [a×b, b×c, c×a] = λ[a, b, c]^2 then λ is equal to:",
"यदि [a×b, b×c, c×a] = λ[a, b, c]^2 है, तो λ बराबर है:",
"0","1","2","3",
"0","1","2","3","2")

add(86,"Mathematics",
"Let A and B be two events such that P(complement of (A∪B))=1/6, P(A∩B)=1/4 and P(complement of A)=1/4, where complement of A stands for the complement of the event A. Then the events A and B are:",
"माना A तथा B दो ऐसी घटनाएँ हैं कि P(A∪B का पूरक)=1/6, P(A∩B)=1/4 तथा P(A का पूरक)=1/4 है जबकि पूरक घटना A के पूरक को दर्शाता है। तो घटनाएँ A तथा B:",
"independent but not equally likely.","independent and equally likely.","mutually exclusive and independent.","equally likely but not independent.",
"स्वतंत्र हैं परन्तु समसम्भावी नहीं हैं।","स्वतंत्र हैं तथा समसम्भावी हैं।","परस्पर अपवर्जी तथा स्वतंत्र हैं।","समसम्भावी हैं परन्तु स्वतंत्र नहीं हैं।","1")

add(87,"Mathematics",
"The variance of first 50 even natural numbers is:",
"पहली 50 सम प्राकृत संख्याओं का प्रसरण है:",
"437","437/4","833/4","833",
"437","437/4","833/4","833","4")

add(88,"Mathematics",
"Let fk(x) = (1/k)(sin^k x + cos^k x) where x∈R and k≥1. Then f4(x)-f6(x) equals:",
"माना fk(x) = (1/k)(sin^k x + cos^k x) है, जहाँ x∈R तथा k≥1 है, तो f4(x)−f6(x) बराबर है:",
"1/4","1/12","1/6","1/3",
"1/4","1/12","1/6","1/3","2")

add(89,"Mathematics",
"A bird is sitting on the top of a vertical pole 20 m high and its elevation from a point O on the ground is 45°. It flies off horizontally straight away from the point O. After one second, the elevation of the bird from O is reduced to 30°. Then the speed (in m/s) of the bird is:",
"एक पक्षी 20 मी. ऊँचे एक ऊर्ध्वाधर खंभे के शिखर पर बैठा है तथा इसका भूमि के एक बिंदु O से उन्नयन कोण 45° है। यह पक्षी O से परे क्षैतिज दिशा में उड़ता है। एक सेकंड के बाद, O से पक्षी का उन्नयन कोण घट कर 30° रह जाता है। तो (मी. प्रति से. में) पक्षी की चाल है:",
"20√2","20(√3-1)","40(√2-1)","40(√3-√2)",
"20√2","20(√3−1)","40(√2−1)","40(√3−√2)","2")

add(90,"Mathematics",
"The statement ~(p<->~q) is:",
"कथन ~(p↔~q) है:",
"a tautology","a fallacy","equivalent to p<->q","equivalent to ~p<->q",
"एक पुनरुक्ति (tautology)","एक हेत्वाभास (fallacy)","p↔q के तुल्य","~p↔q के तुल्य","3")


    
